{
  "ai_level": 1,
  "games_played": 4,
  "performance_history": [
    0.8452380952380951,
    0.5895522388059702,
    0.713235294117647,
    0.6479591836734694
  ]
}